title,year,hashtag,description,image
Loren Ipsum,2010,Gr치fica,"Lorem ipsum dolor sit amet, consectetur adipiscing elit.",https://www.muypymes.com/wp-content/uploads/2018/08/designthinking-majordigital-660x330.jpg
Loren Ipsum,2011,Industrial,"Duis auctor felis ac diam dictum, quis posuere nulla efficitur.",https://www.muypymes.com/wp-content/uploads/2018/08/designthinking-majordigital-660x330.jpg
Loren Ipsum,2012,Textil,"Phasellus imperdiet mauris auctor, euismod neque sit amet, porttitor nunc.",https://www.muypymes.com/wp-content/uploads/2018/08/designthinking-majordigital-660x330.jpg
Loren Ipsum,2013,Gr치fica,"Integer vel ligula pretium, sodales magna eu, aliquet nibh.",https://www.muypymes.com/wp-content/uploads/2018/08/designthinking-majordigital-660x330.jpg
Loren Ipsum,2014,Gr치fica,"Lorem ipsum dolor sit amet, consectetur adipiscing elit.",https://www.muypymes.com/wp-content/uploads/2018/08/designthinking-majordigital-660x330.jpg
Loren Ipsum,2015,Industrial,"Duis auctor felis ac diam dictum, quis posuere nulla efficitur.",https://www.muypymes.com/wp-content/uploads/2018/08/designthinking-majordigital-660x330.jpg
Loren Ipsum,2016,Textil,"Phasellus imperdiet mauris auctor, euismod neque sit amet, porttitor nunc.",https://www.muypymes.com/wp-content/uploads/2018/08/designthinking-majordigital-660x330.jpg
Loren Ipsum,2017,Gr치fica,"Integer vel ligula pretium, sodales magna eu, aliquet nibh.",https://www.muypymes.com/wp-content/uploads/2018/08/designthinking-majordigital-660x330.jpg
Loren Ipsum,2018,Industrial,"Duis auctor felis ac diam dictum, quis posuere nulla efficitur.",https://www.muypymes.com/wp-content/uploads/2018/08/designthinking-majordigital-660x330.jpg
Loren Ipsum,2019,Textil,"Phasellus imperdiet mauris auctor, euismod neque sit amet, porttitor nunc.",https://www.muypymes.com/wp-content/uploads/2018/08/designthinking-majordigital-660x330.jpg
Loren Ipsum,2020,Textil,"Integer vel ligula pretium, sodales magna eu, aliquet nibh.",https://www.muypymes.com/wp-content/uploads/2018/08/designthinking-majordigital-660x330.jpg